{
  "experiment": "wav2vec2_loso_20260103_200237",
  "config": {
    "model_name": "facebook/wav2vec2-base-960h",
    "num_labels": 2,
    "freeze_feature_extractor": true,
    "freeze_encoder_layers": 8,
    "hidden_dropout": 0.1,
    "attention_dropout": 0.1,
    "final_dropout": 0.3,
    "layerdrop": 0.0,
    "max_duration": 10.0,
    "target_sr": 16000,
    "num_epochs": 20,
    "learning_rate": 2e-05,
    "warmup_ratio": 0.2,
    "weight_decay": 0.01,
    "max_grad_norm": 1.0,
    "label_smoothing": 0.1,
    "early_stopping_patience": 5,
    "max_folds": 3,
    "random_seed": 42,
    "batch_size": 8,
    "gradient_accumulation_steps": 4,
    "fp16": false,
    "gradient_checkpointing": true
  },
  "device": "cuda",
  "n_folds": 3,
  "n_subjects": 61,
  "n_samples": 831,
  "overall_metrics": {
    "accuracy": 1.0,
    "precision": 0.0,
    "recall": 0.0,
    "f1": 0.0,
    "auc": NaN
  },
  "per_fold_stats": {
    "mean_accuracy": 1.0,
    "std_accuracy": 0.0,
    "min_accuracy": 1.0,
    "max_accuracy": 1.0
  },
  "confusion_matrix": [
    [
      48,
      0
    ],
    [
      0,
      0
    ]
  ],
  "fold_results": [
    {
      "fold": 0,
      "train_samples": 815,
      "test_samples": 16,
      "accuracy": 1.0,
      "predictions": [
        0,
        0,
        0,
        0,
        0,
        0,
        0,
        0,
        0,
        0,
        0,
        0,
        0,
        0,
        0,
        0
      ],
      "labels": [
        0,
        0,
        0,
        0,
        0,
        0,
        0,
        0,
        0,
        0,
        0,
        0,
        0,
        0,
        0,
        0
      ],
      "probabilities": [
        0.4797661602497101,
        0.4812448024749756,
        0.4720815122127533,
        0.46994033455848694,
        0.47816967964172363,
        0.47378575801849365,
        0.49050799012184143,
        0.48859986662864685,
        0.4913712739944458,
        0.475750595331192,
        0.4902786612510681,
        0.4744422137737274,
        0.48641982674598694,
        0.4801475703716278,
        0.48218128085136414,
        0.4799934923648834
      ],
      "fold_time": 649.7809548377991,
      "avg_epoch_time": 107.59792133172353,
      "best_loss": 0.6595938205718994
    },
    {
      "fold": 1,
      "train_samples": 815,
      "test_samples": 16,
      "accuracy": 1.0,
      "predictions": [
        0,
        0,
        0,
        0,
        0,
        0,
        0,
        0,
        0,
        0,
        0,
        0,
        0,
        0,
        0,
        0
      ],
      "labels": [
        0,
        0,
        0,
        0,
        0,
        0,
        0,
        0,
        0,
        0,
        0,
        0,
        0,
        0,
        0,
        0
      ],
      "probabilities": [
        0.2996279001235962,
        0.26710736751556396,
        0.17743030190467834,
        0.2009996771812439,
        0.33622825145721436,
        0.2256491333246231,
        0.42226243019104004,
        0.4277276396751404,
        0.3469681739807129,
        0.2574288845062256,
        0.30956393480300903,
        0.2113955020904541,
        0.37727853655815125,
        0.28740760684013367,
        0.30454832315444946,
        0.23659543693065643
      ],
      "fold_time": 2161.9515290260315,
      "avg_epoch_time": 107.66760563850403,
      "best_loss": 0.3976021409034729
    },
    {
      "fold": 2,
      "train_samples": 815,
      "test_samples": 16,
      "accuracy": 1.0,
      "predictions": [
        0,
        0,
        0,
        0,
        0,
        0,
        0,
        0,
        0,
        0,
        0,
        0,
        0,
        0,
        0,
        0
      ],
      "labels": [
        0,
        0,
        0,
        0,
        0,
        0,
        0,
        0,
        0,
        0,
        0,
        0,
        0,
        0,
        0,
        0
      ],
      "probabilities": [
        0.2019396424293518,
        0.1504552662372589,
        0.18243421614170074,
        0.20655643939971924,
        0.16031616926193237,
        0.13439910113811493,
        0.13513486087322235,
        0.1794465035200119,
        0.4307995140552521,
        0.1475161761045456,
        0.09352423250675201,
        0.31015655398368835,
        0.0935852900147438,
        0.3061898648738861,
        0.11606308817863464,
        0.4076150953769684
      ],
      "fold_time": 2164.4992594718933,
      "avg_epoch_time": 107.76310883760452,
      "best_loss": 0.30993354320526123
    }
  ],
  "timestamp": "2026-01-03T21:26:55.919307",
  "elapsed_time": "1:22:57.414087"
}