{
  "experiment": "wav2vec2_loso_20260103_172028",
  "config": {
    "model_name": "facebook/wav2vec2-base-960h",
    "num_labels": 2,
    "freeze_feature_extractor": true,
    "freeze_encoder_layers": 4,
    "dropout": 0.15,
    "gradient_checkpointing": true,
    "max_duration": 10.0,
    "target_sr": 16000,
    "num_epochs": 15,
    "learning_rate": 5e-05,
    "warmup_ratio": 0.1,
    "weight_decay": 0.01,
    "early_stopping_patience": 3,
    "max_folds": 3,
    "random_seed": 42,
    "batch_size": 8,
    "gradient_accumulation_steps": 4,
    "fp16": true
  },
  "device": "cuda",
  "n_folds": 3,
  "n_subjects": 61,
  "n_samples": 831,
  "overall_metrics": {
    "accuracy": 0.3125,
    "precision": 0.0,
    "recall": 0.0,
    "f1": 0.0,
    "auc": NaN
  },
  "per_fold_stats": {
    "mean_accuracy": 0.3125,
    "std_accuracy": 0.4419417382415922,
    "min_accuracy": 0.0,
    "max_accuracy": 0.9375
  },
  "confusion_matrix": [
    [
      15,
      33
    ],
    [
      0,
      0
    ]
  ],
  "fold_results": [
    {
      "fold": 0,
      "train_samples": 815,
      "test_samples": 16,
      "accuracy": 0.0,
      "predictions": [
        1,
        1,
        1,
        1,
        1,
        1,
        1,
        1,
        1,
        1,
        1,
        1,
        1,
        1,
        1,
        1
      ],
      "labels": [
        0,
        0,
        0,
        0,
        0,
        0,
        0,
        0,
        0,
        0,
        0,
        0,
        0,
        0,
        0,
        0
      ],
      "probabilities": [
        0.5115931630134583,
        0.5098311305046082,
        0.51576167345047,
        0.5125675797462463,
        0.5090024471282959,
        0.5120264887809753,
        0.5133301615715027,
        0.5111198425292969,
        0.5070526003837585,
        0.5155795216560364,
        0.5019273161888123,
        0.5128434300422668,
        0.5125200748443604,
        0.5138558149337769,
        0.5067204236984253,
        0.515839159488678
      ],
      "fold_time": 121.79037427902222,
      "avg_epoch_time": 29.57498288154602
    },
    {
      "fold": 1,
      "train_samples": 815,
      "test_samples": 16,
      "accuracy": 0.0,
      "predictions": [
        1,
        1,
        1,
        1,
        1,
        1,
        1,
        1,
        1,
        1,
        1,
        1,
        1,
        1,
        1,
        1
      ],
      "labels": [
        0,
        0,
        0,
        0,
        0,
        0,
        0,
        0,
        0,
        0,
        0,
        0,
        0,
        0,
        0,
        0
      ],
      "probabilities": [
        0.5110381841659546,
        0.5082405805587769,
        0.5132140517234802,
        0.5090247392654419,
        0.5091841816902161,
        0.5142837166786194,
        0.5049110651016235,
        0.5167706608772278,
        0.5078752040863037,
        0.5165702700614929,
        0.5136512517929077,
        0.5202767252922058,
        0.5109553933143616,
        0.5164566040039062,
        0.5129417181015015,
        0.5120700001716614
      ],
      "fold_time": 122.26575708389282,
      "avg_epoch_time": 30.029098391532898
    },
    {
      "fold": 2,
      "train_samples": 815,
      "test_samples": 16,
      "accuracy": 0.9375,
      "predictions": [
        0,
        0,
        0,
        0,
        0,
        0,
        1,
        0,
        0,
        0,
        0,
        0,
        0,
        0,
        0,
        0
      ],
      "labels": [
        0,
        0,
        0,
        0,
        0,
        0,
        0,
        0,
        0,
        0,
        0,
        0,
        0,
        0,
        0,
        0
      ],
      "probabilities": [
        0.49001970887184143,
        0.48721301555633545,
        0.478703111410141,
        0.4775768220424652,
        0.4900968372821808,
        0.4881539046764374,
        0.5006994009017944,
        0.4873810410499573,
        0.4922087788581848,
        0.48937147855758667,
        0.4935747981071472,
        0.4912993311882019,
        0.49475976824760437,
        0.48755332827568054,
        0.4962942898273468,
        0.4874892830848694
      ],
      "fold_time": 121.04133725166321,
      "avg_epoch_time": 29.727827072143555
    }
  ],
  "timestamp": "2026-01-03T17:36:42.630924",
  "elapsed_time": "0:06:06.289581"
}