{
  "timestamp": "2026-01-02T11:06:09.176959",
  "dataset": "italian_pvs",
  "n_samples": 829,
  "n_subjects": 61,
  "n_features": 17,
  "features_used": [
    "f0_mean",
    "f0_std",
    "f0_min",
    "f0_max",
    "f0_range",
    "voicing_fraction",
    "jitter_local",
    "jitter_rap",
    "jitter_ppq5",
    "jitter_ddp",
    "shimmer_local",
    "shimmer_apq3",
    "shimmer_apq5",
    "shimmer_apq11",
    "shimmer_dda",
    "hnr_mean",
    "hnr_std"
  ],
  "cv_method": "leave_one_subject_out",
  "n_folds": 61,
  "svm": {
    "accuracy_mean": 0.8829771662763467,
    "accuracy_std": 0.15174875202087787,
    "accuracy_min": 0.2857142857142857,
    "accuracy_max": 1.0,
    "per_fold_scores": [
      1.0,
      0.9375,
      0.75,
      0.875,
      0.8125,
      0.875,
      1.0,
      0.625,
      0.8125,
      0.9375,
      0.8125,
      0.875,
      0.6875,
      0.375,
      0.5625,
      0.9375,
      0.75,
      0.75,
      0.8125,
      1.0,
      0.75,
      0.8125,
      1.0,
      1.0,
      1.0,
      1.0,
      0.6666666666666666,
      1.0,
      1.0,
      1.0,
      1.0,
      1.0,
      1.0,
      0.6666666666666666,
      1.0,
      1.0,
      1.0,
      1.0,
      1.0,
      0.9333333333333333,
      0.9375,
      0.2857142857142857,
      0.9375,
      1.0,
      0.875,
      1.0,
      0.9,
      1.0,
      0.75,
      0.9375,
      1.0,
      1.0,
      0.8571428571428571,
      0.90625,
      1.0,
      0.8125,
      0.9375,
      0.9375,
      0.875,
      1.0,
      0.8958333333333334
    ]
  },
  "random_forest": {
    "accuracy_mean": 0.8655617606437279,
    "accuracy_std": 0.17148354494433393,
    "accuracy_min": 0.2857142857142857,
    "accuracy_max": 1.0,
    "per_fold_scores": [
      1.0,
      0.9375,
      0.6875,
      0.875,
      0.8125,
      0.875,
      0.9375,
      0.625,
      0.875,
      0.875,
      0.8125,
      1.0,
      0.875,
      0.375,
      0.5,
      0.9375,
      0.75,
      0.8125,
      0.8125,
      0.9230769230769231,
      0.6875,
      0.8125,
      1.0,
      1.0,
      1.0,
      1.0,
      1.0,
      1.0,
      1.0,
      1.0,
      1.0,
      1.0,
      1.0,
      0.3333333333333333,
      1.0,
      1.0,
      1.0,
      1.0,
      1.0,
      0.9333333333333333,
      0.875,
      0.2857142857142857,
      0.8125,
      1.0,
      0.8125,
      1.0,
      0.8,
      1.0,
      0.8125,
      0.5625,
      1.0,
      1.0,
      0.8571428571428571,
      0.84375,
      1.0,
      0.9375,
      0.78125,
      0.875,
      0.625,
      1.0,
      0.8541666666666666
    ]
  },
  "best_model": "svm",
  "feature_importance": [
    {
      "feature": "shimmer_apq5",
      "importance": 0.12675087480567898
    },
    {
      "feature": "shimmer_apq11",
      "importance": 0.10537480043992374
    },
    {
      "feature": "shimmer_apq3",
      "importance": 0.09243744493059983
    },
    {
      "feature": "shimmer_dda",
      "importance": 0.09078593299068204
    },
    {
      "feature": "jitter_ppq5",
      "importance": 0.06758481653697374
    },
    {
      "feature": "voicing_fraction",
      "importance": 0.06684479546992438
    },
    {
      "feature": "hnr_mean",
      "importance": 0.06682329430095447
    },
    {
      "feature": "shimmer_local",
      "importance": 0.06292050111480474
    },
    {
      "feature": "jitter_local",
      "importance": 0.05554083677124333
    },
    {
      "feature": "jitter_ddp",
      "importance": 0.052590610857423926
    },
    {
      "feature": "hnr_std",
      "importance": 0.05133645298604339
    },
    {
      "feature": "f0_max",
      "importance": 0.03391890502942178
    },
    {
      "feature": "jitter_rap",
      "importance": 0.03374152937348732
    },
    {
      "feature": "f0_mean",
      "importance": 0.029038075175764948
    },
    {
      "feature": "f0_range",
      "importance": 0.02230694414558503
    },
    {
      "feature": "f0_min",
      "importance": 0.022194040039640168
    },
    {
      "feature": "f0_std",
      "importance": 0.019810145031848286
    }
  ],
  "statistical_comparison": [
    {
      "feature": "f0_mean",
      "hc_mean": 160.74239567145182,
      "hc_std": 34.57574669532484,
      "pd_mean": 157.21489966542276,
      "pd_std": 36.606799072276736,
      "t_statistic": 1.4224885959689577,
      "p_value": 0.15526152395568896,
      "cohens_d": -0.09907094272088632,
      "significant": false
    },
    {
      "feature": "f0_std",
      "hc_mean": 28.358798246229696,
      "hc_std": 31.35176215370268,
      "pd_mean": 16.314698749336067,
      "pd_std": 17.553822442818653,
      "t_statistic": 6.906068406809465,
      "p_value": 9.934741450195961e-12,
      "cohens_d": -0.47403945770958467,
      "significant": true
    },
    {
      "feature": "f0_min",
      "hc_mean": 104.66448013801221,
      "hc_std": 38.454813173823524,
      "pd_mean": 112.08414481032008,
      "pd_std": 39.091769121924614,
      "t_statistic": -2.750272131483799,
      "p_value": 0.006084627734204088,
      "cohens_d": 0.1913537430759604,
      "significant": true
    },
    {
      "feature": "f0_max",
      "hc_mean": 327.8729901026596,
      "hc_std": 177.2320653069634,
      "pd_mean": 265.07902204637514,
      "pd_std": 167.60743544772356,
      "t_statistic": 5.2417777296147205,
      "p_value": 2.020529750511854e-07,
      "cohens_d": -0.3640506620620084,
      "significant": true
    },
    {
      "feature": "f0_range",
      "hc_mean": 223.20850996464742,
      "hc_std": 196.30864075707,
      "pd_mean": 152.99487723605506,
      "pd_std": 186.1420064908819,
      "t_statistic": 5.284584226986698,
      "p_value": 1.6128382571581294e-07,
      "cohens_d": -0.36704781746722087,
      "significant": true
    },
    {
      "feature": "voicing_fraction",
      "hc_mean": 0.7035228008835642,
      "hc_std": 0.23571873339619612,
      "pd_mean": 0.7395782104371761,
      "pd_std": 0.28010441322918816,
      "t_statistic": -1.9942602776420921,
      "p_value": 0.04645153261748487,
      "cohens_d": 0.139282868324934,
      "significant": true
    },
    {
      "feature": "jitter_local",
      "hc_mean": 0.013715117487176534,
      "hc_std": 0.0108912520761955,
      "pd_mean": 0.010966891089491839,
      "pd_std": 0.010171334831951147,
      "t_statistic": 3.7563758684828423,
      "p_value": 0.0001844817464284967,
      "cohens_d": -0.260805805590051,
      "significant": true
    },
    {
      "feature": "jitter_rap",
      "hc_mean": 0.006564692131663833,
      "hc_std": 0.00529410697414679,
      "pd_mean": 0.004915257746908028,
      "pd_std": 0.0051103265952582725,
      "t_statistic": 4.562205681397808,
      "p_value": 5.828474590474224e-06,
      "cohens_d": -0.3170143032110784,
      "significant": true
    },
    {
      "feature": "jitter_ppq5",
      "hc_mean": 0.007285969624617699,
      "hc_std": 0.005942279707368004,
      "pd_mean": 0.004993958311400573,
      "pd_std": 0.0042380380142819935,
      "t_statistic": 6.437746760927924,
      "p_value": 2.0533763491903747e-10,
      "cohens_d": -0.44410295493857915,
      "significant": true
    },
    {
      "feature": "jitter_ddp",
      "hc_mean": 0.019694076394991593,
      "hc_std": 0.015882320922440355,
      "pd_mean": 0.014745773240724182,
      "pd_std": 0.015330979785774811,
      "t_statistic": 4.562205681397805,
      "p_value": 5.828474590474311e-06,
      "cohens_d": -0.3170143032110782,
      "significant": true
    },
    {
      "feature": "shimmer_local",
      "hc_mean": 0.08692099993495743,
      "hc_std": 0.052251808636391346,
      "pd_mean": 0.05074462750264566,
      "pd_std": 0.037880457812998446,
      "t_statistic": 11.487157612148136,
      "p_value": 1.929830605524057e-28,
      "cohens_d": -0.792725988003631,
      "significant": true
    },
    {
      "feature": "shimmer_apq3",
      "hc_mean": 0.03990054704583053,
      "hc_std": 0.02766502839297614,
      "pd_mean": 0.018899542206833615,