{
  "timestamp": "2026-01-02T11:25:58.886915",
  "dataset": "italian_pvs",
  "n_samples": 829,
  "n_subjects": 61,
  "n_features": 17,
  "features_used": [
    "f0_mean",
    "f0_std",
    "f0_min",
    "f0_max",
    "f0_range",
    "voicing_fraction",
    "jitter_local",
    "jitter_rap",
    "jitter_ppq5",
    "jitter_ddp",
    "shimmer_local",
    "shimmer_apq3",
    "shimmer_apq5",
    "shimmer_apq11",
    "shimmer_dda",
    "hnr_mean",
    "hnr_std"
  ],
  "cv_method": "leave_one_subject_out",
  "n_folds": 61,
  "svm": {
    "accuracy_mean": 0.8829771662763467,
    "accuracy_std": 0.15174875202087787,
    "accuracy_min": 0.2857142857142857,
    "accuracy_max": 1.0,
    "per_fold_scores": [
      1.0,
      0.9375,
      0.75,
      0.875,
      0.8125,
      0.875,
      1.0,
      0.625,
      0.8125,
      0.9375,
      0.8125,
      0.875,
      0.6875,
      0.375,
      0.5625,
      0.9375,
      0.75,
      0.75,
      0.8125,
      1.0,
      0.75,
      0.8125,
      1.0,
      1.0,
      1.0,
      1.0,
      0.6666666666666666,
      1.0,
      1.0,
      1.0,
      1.0,
      1.0,
      1.0,
      0.6666666666666666,
      1.0,
      1.0,
      1.0,
      1.0,
      1.0,
      0.9333333333333333,
      0.9375,
      0.2857142857142857,
      0.9375,
      1.0,
      0.875,
      1.0,
      0.9,
      1.0,
      0.75,
      0.9375,
      1.0,
      1.0,
      0.8571428571428571,
      0.90625,
      1.0,
      0.8125,
      0.9375,
      0.9375,
      0.875,
      1.0,
      0.8958333333333334
    ]
  },
  "random_forest": {
    "accuracy_mean": 0.8650494655617607,
    "accuracy_std": 0.1715945834726421,
    "accuracy_min": 0.2857142857142857,
    "accuracy_max": 1.0,
    "per_fold_scores": [
      1.0,
      0.9375,
      0.6875,
      0.875,
      0.8125,
      0.875,
      0.9375,
      0.625,
      0.875,
      0.875,
      0.8125,
      1.0,
      0.875,
      0.375,
      0.5,
      0.9375,
      0.75,
      0.8125,
      0.8125,
      0.9230769230769231,
      0.6875,
      0.8125,
      1.0,
      1.0,
      1.0,
      1.0,
      1.0,
      1.0,
      1.0,
      1.0,
      1.0,
      1.0,
      1.0,
      0.3333333333333333,
      1.0,
      1.0,
      1.0,
      1.0,
      1.0,
      0.9333333333333333,
      0.875,
      0.2857142857142857,
      0.8125,
      1.0,
      0.8125,
      1.0,
      0.8,
      1.0,
      0.8125,
      0.5625,
      1.0,
      1.0,
      0.8571428571428571,
      0.8125,
      1.0,
      0.9375,
      0.78125,
      0.875,
      0.625,
      1.0,
      0.8541666666666666
    ]
  },
  "best_model": "svm",
  "feature_importance": [
    {
      "feature": "shimmer_apq5",
      "importance": 0.12548155615103065
    },
    {
      "feature": "shimmer_apq11",
      "importance": 0.10558498702221117
    },
    {
      "feature": "shimmer_apq3",
      "importance": 0.09243305063223191
    },
    {
      "feature": "shimmer_dda",
      "importance": 0.0908894352835247
    },
    {
      "feature": "jitter_ppq5",
      "importance": 0.06766351333938098
    },
    {
      "feature": "hnr_mean",
      "importance": 0.06710590300209292
    },
    {
      "feature": "voicing_fraction",
      "importance": 0.06674337221987581
    },
    {
      "feature": "shimmer_local",
      "importance": 0.06294460422411782
    },
    {
      "feature": "jitter_local",
      "importance": 0.05617126466743345
    },
    {
      "feature": "jitter_ddp",
      "importance": 0.0526443760915625
    },
    {
      "feature": "hnr_std",
      "importance": 0.05257270467661529
    },
    {
      "feature": "f0_max",
      "importance": 0.03379147026868959
    },
    {
      "feature": "jitter_rap",
      "importance": 0.03258271616552918
    },
    {
      "feature": "f0_mean",
      "importance": 0.029025625552838007
    },
    {
      "feature": "f0_range",
      "importance": 0.02235716977623089
    },
    {
      "feature": "f0_min",
      "importance": 0.022076271136954182
    },
    {
      "feature": "f0_std",
      "importance": 0.01993197978968107
    }
  ],
  "statistical_comparison": [
    {
      "feature": "f0_mean",
      "hc_mean": 160.74239567145182,
      "hc_std": 34.57574669532483,
      "pd_mean": 157.21489966542276,
      "pd_std": 36.60679907227676,
      "t_statistic": 1.4224885959689577,
      "p_value": 0.15526152395568896,
      "cohens_d": -0.09907094272088629,
      "significant": false
    },
    {
      "feature": "f0_std",
      "hc_mean": 28.358798246229696,
      "hc_std": 31.351762153702687,
      "pd_mean": 16.314698749336067,
      "pd_std": 17.55382244281866,
      "t_statistic": 6.906068406809465,
      "p_value": 9.934741450195961e-12,
      "cohens_d": -0.47403945770958456,
      "significant": true
    },
    {
      "feature": "f0_min",
      "hc_mean": 104.66448013801221,
      "hc_std": 38.45481317382352,
      "pd_mean": 112.08414481032008,
      "pd_std": 39.09176912192459,
      "t_statistic": -2.750272131483799,
      "p_value": 0.006084627734204088,
      "cohens_d": 0.19135374307596048,
      "significant": true
    },
    {
      "feature": "f0_max",
      "hc_mean": 327.8729901026596,
      "hc_std": 177.2320653069633,
      "pd_mean": 265.07902204637514,
      "pd_std": 167.60743544772356,
      "t_statistic": 5.2417777296147205,
      "p_value": 2.020529750511854e-07,
      "cohens_d": -0.3640506620620085,
      "significant": true
    },
    {
      "feature": "f0_range",
      "hc_mean": 223.20850996464742,
      "hc_std": 196.30864075706995,
      "pd_mean": 152.99487723605506,
      "pd_std": 186.14200649088184,
      "t_statistic": 5.284584226986698,
      "p_value": 1.6128382571581294e-07,
      "cohens_d": -0.3670478174672209,
      "significant": true
    },
    {
      "feature": "voicing_fraction",
      "hc_mean": 0.7035228008835642,
      "hc_std": 0.23571873339619617,
      "pd_mean": 0.7395782104371761,
      "pd_std": 0.2801044132291881,
      "t_statistic": -1.9942602776420921,
      "p_value": 0.04645153261748487,
      "cohens_d": 0.139282868324934,
      "significant": true
    },
    {
      "feature": "jitter_local",
      "hc_mean": 0.013715117487176534,
      "hc_std": 0.010891252076195502,
      "pd_mean": 0.010966891089491839,
      "pd_std": 0.010171334831951146,
      "t_statistic": 3.7563758684828423,
      "p_value": 0.0001844817464284967,
      "cohens_d": -0.260805805590051,
      "significant": true
    },
    {
      "feature": "jitter_rap",
      "hc_mean": 0.006564692131663833,
      "hc_std": 0.005294106974146791,
      "pd_mean": 0.004915257746908028,
      "pd_std": 0.005110326595258272,
      "t_statistic": 4.562205681397808,
      "p_value": 5.828474590474224e-06,
      "cohens_d": -0.3170143032110784,
      "significant": true
    },
    {
      "feature": "jitter_ppq5",
      "hc_mean": 0.007285969624617699,
      "hc_std": 0.005942279707368002,
      "pd_mean": 0.004993958311400573,
      "pd_std": 0.004238038014281993,
      "t_statistic": 6.437746760927924,
      "p_value": 2.0533763491903747e-10,
      "cohens_d": -0.44410295493857926,
      "significant": true
    },
    {
      "feature": "jitter_ddp",
      "hc_mean": 0.019694076394991593,
      "hc_std": 0.015882320922440362,
      "pd_mean": 0.014745773240724182,
      "pd_std": 0.015330979785774813,
      "t_statistic": 4.562205681397805,
      "p_value": 5.828474590474311e-06,
      "cohens_d": -0.31701430321107815,
      "significant": true
    },
    {
      "feature": "shimmer_local",
      "hc_mean": 0.08692099993495743,
      "hc_std": 0.052251808636391374,
      "pd_mean": 0.05074462750264566,
      "pd_std": 0.03788045781299844,
      "t_statistic": 11.487157612148136,
      "p_value": 1.929830605524057e-28,
      "cohens_d": -0.7927259880036308,
      "significant": true
    },
    {
      "feature": "shimmer_apq3",
      "hc_mean": 0.03990054704583053,
      "hc_std": 0.027665028392976136,
      "pd_mean": 0.018899542206833615,
      "pd_std": 0.01316504464563106,