{
  "timestamp": "2026-01-01T22:05:08.386033",
  "dataset": "italian_pvs",
  "n_samples": 829,
  "n_subjects": 61,
  "n_features": 14,
  "features_used": [
    "f0_mean",
    "f0_std",
    "f0_min",
    "f0_max",
    "f0_range",
    "jitter_local",
    "jitter_rap",
    "jitter_ppq5",
    "jitter_ddp",
    "shimmer_local",
    "shimmer_apq3",
    "shimmer_apq5",
    "shimmer_apq11",
    "shimmer_dda"
  ],
  "cv_method": "leave_one_subject_out",
  "n_folds": 61,
  "svm": {
    "accuracy_mean": 0.8238688224343962,
    "accuracy_std": 0.20869517200923407,
    "accuracy_min": 0.0,
    "accuracy_max": 1.0,
    "per_fold_scores": [
      1.0,
      0.9375,
      0.5625,
      0.8125,
      0.8125,
      0.6875,
      0.9375,
      0.5625,
      0.8125,
      0.875,
      0.5,
      0.875,
      0.75,
      0.375,
      0.3125,
      1.0,
      0.8125,
      0.625,
      0.6875,
      0.6923076923076923,
      0.8125,
      0.875,
      1.0,
      1.0,
      1.0,
      0.6666666666666666,
      0.6666666666666666,
      0.6666666666666666,
      1.0,
      1.0,
      0.6666666666666666,
      1.0,
      1.0,
      0.0,
      1.0,
      1.0,
      1.0,
      1.0,
      0.9375,
      1.0,
      0.875,
      0.2857142857142857,
      0.75,
      1.0,
      0.875,
      0.9375,
      0.9,
      1.0,
      0.875,
      0.8125,
      1.0,
      1.0,
      0.9285714285714286,
      0.9375,
      0.9285714285714286,
      0.875,
      0.8125,
      1.0,
      0.625,
      1.0,
      0.9166666666666666
    ]
  },
  "random_forest": {
    "accuracy_mean": 0.8497391611121118,
    "accuracy_std": 0.19134903842590636,
    "accuracy_min": 0.0,
    "accuracy_max": 1.0,
    "per_fold_scores": [
      1.0,
      0.9375,
      0.75,
      0.9375,
      0.75,
      0.875,
      0.9375,
      0.5625,
      0.875,
      0.9375,
      0.875,
      1.0,
      0.875,
      0.375,
      0.5,
      1.0,
      0.8125,
      0.8125,
      0.8125,
      0.9230769230769231,
      0.8125,
      0.875,
      1.0,
      1.0,
      1.0,
      1.0,
      0.6666666666666666,
      0.6666666666666666,
      1.0,
      1.0,
      0.6666666666666666,
      1.0,
      1.0,
      0.0,
      1.0,
      1.0,
      1.0,
      1.0,
      1.0,
      0.8666666666666667,
      0.875,
      0.2857142857142857,
      0.875,
      1.0,
      0.75,
      1.0,
      0.9,
      0.9375,
      0.8125,
      0.6875,
      1.0,
      1.0,
      0.7857142857142857,
      0.8125,
      1.0,
      0.875,
      0.78125,
      0.875,
      0.625,
      0.9375,
      0.9166666666666666
    ]
  },
  "best_model": "random forest",
  "feature_importance": [
    {
      "feature": "shimmer_apq5",
      "importance": 0.1328208053932406
    },
    {
      "feature": "shimmer_dda",
      "importance": 0.12152354218306868
    },
    {
      "feature": "shimmer_apq11",
      "importance": 0.11519952528626601
    },
    {
      "feature": "shimmer_apq3",
      "importance": 0.10239375184089025
    },
    {
      "feature": "shimmer_local",
      "importance": 0.0888379175348849
    },
    {
      "feature": "jitter_ppq5",
      "importance": 0.07627693069848702
    },
    {
      "feature": "jitter_local",
      "importance": 0.0636773283650571
    },
    {
      "feature": "jitter_ddp",
      "importance": 0.057934158203144036
    },
    {
      "feature": "jitter_rap",
      "importance": 0.05402215982296535
    },
    {
      "feature": "f0_max",
      "importance": 0.052473152799325885
    },
    {
      "feature": "f0_mean",
      "importance": 0.04155957063880984
    },
    {
      "feature": "f0_range",
      "importance": 0.0348069514724214
    },
    {
      "feature": "f0_std",
      "importance": 0.029296225801855057
    },
    {
      "feature": "f0_min",
      "importance": 0.029177979959583836
    }
  ],
  "statistical_comparison": [
    {
      "feature": "f0_mean",
      "hc_mean": 160.74239567145185,
      "hc_std": 34.575746695324824,
      "pd_mean": 157.21489966542276,
      "pd_std": 36.60679907227676,
      "t_statistic": 1.4224885959689695,
      "p_value": 0.15526152395568554,
      "cohens_d": -0.09907094272088711,
      "significant": false
    },
    {
      "feature": "f0_std",
      "hc_mean": 28.358798246229696,
      "hc_std": 31.351762153702687,
      "pd_mean": 16.31469874933607,
      "pd_std": 17.55382244281866,
      "t_statistic": 6.906068406809463,
      "p_value": 9.934741450196142e-12,
      "cohens_d": -0.47403945770958444,
      "significant": true
    },
    {
      "feature": "f0_min",
      "hc_mean": 104.66448013801221,
      "hc_std": 38.45481317382352,
      "pd_mean": 112.08414481032008,
      "pd_std": 39.09176912192459,
      "t_statistic": -2.750272131483799,
      "p_value": 0.006084627734204088,
      "cohens_d": 0.19135374307596048,
      "significant": true
    },
    {
      "feature": "f0_max",
      "hc_mean": 327.8729901026596,
      "hc_std": 177.2320653069633,
      "pd_mean": 265.07902204637514,
      "pd_std": 167.60743544772356,
      "t_statistic": 5.2417777296147205,
      "p_value": 2.020529750511854e-07,
      "cohens_d": -0.3640506620620085,
      "significant": true
    },
    {
      "feature": "f0_range",
      "hc_mean": 223.20850996464742,
      "hc_std": 196.30864075706995,
      "pd_mean": 152.99487723605506,
      "pd_std": 186.14200649088184,
      "t_statistic": 5.284584226986698,
      "p_value": 1.6128382571581294e-07,
      "cohens_d": -0.3670478174672209,
      "significant": true
    },
    {
      "feature": "jitter_local",
      "hc_mean": 0.013715117487176584,
      "hc_std": 0.0108912520761955,
      "pd_mean": 0.010966891089491887,
      "pd_std": 0.010171334831951144,
      "t_statistic": 3.756375868482845,
      "p_value": 0.000184481746428495,
      "cohens_d": -0.2608058055900513,
      "significant": true
    },
    {
      "feature": "jitter_rap",
      "hc_mean": 0.006564692131663881,
      "hc_std": 0.005294106974146788,
      "pd_mean": 0.004915257746908077,
      "pd_std": 0.005110326595258271,
      "t_statistic": 4.562205681397805,
      "p_value": 5.828474590474311e-06,
      "cohens_d": -0.31701430321107815,
      "significant": true
    },
    {
      "feature": "jitter_ppq5",
      "hc_mean": 0.00728596962461775,
      "hc_std": 0.005942279707367999,
      "pd_mean": 0.004993958311400624,
      "pd_std": 0.004238038014281994,
      "t_statistic": 6.437746760927921,
      "p_value": 2.053376349190405e-10,
      "cohens_d": -0.4441029549385791,
      "significant": true
    },
    {
      "feature": "jitter_ddp",
      "hc_mean": 0.019694076394991645,
      "hc_std": 0.015882320922440362,
      "pd_mean": 0.014745773240724232,
      "pd_std": 0.01533097978577481,
      "t_statistic": 4.562205681397808,
      "p_value": 5.828474590474224e-06,
      "cohens_d": -0.3170143032110783,
      "significant": true
    },
    {
      "feature": "shimmer_local",
      "hc_mean": 0.08692099993495747,
      "hc_std": 0.052251808636391374,
      "pd_mean": 0.0507446275026457,
      "pd_std": 0.03788045781299844,
      "t_statistic": 11.487157612148136,
      "p_value": 1.929830605524057e-28,
      "cohens_d": -0.7927259880036308,
      "significant": true
    },
    {
      "feature": "shimmer_apq3",
      "hc_mean": 0.03990054704583057,
      "hc_std": 0.027665028392976132,
      "pd_mean": 0.018899542206833667,
      "pd_std": 0.013165044645631055,
      "t_statistic": 14.161587494362081,
      "p_value": 6.362332689042221e-41,
      "cohens_d": -0.9693890187256357,
      "significant": true
    },
    {
      "feature": "shimmer_apq5",
      "hc_mean": 0.05370914289983631,
      "hc_std": 0.03781301010667906,
      "pd_mean": 0.02503133691656977,
      "pd_std": 0.017997587907472183,
      "t_statistic": 14.147877233000674,
      "p_value": 7.443815937007024e-41,
      "cohens_d": -0.9684533362818416,
      "significant": true
    },
    {
      "feature": "shimmer_apq11",
      "hc_mean": 0.08390561220769333,